RecordNumber,Age,Gender,Education,Country,Ethnicity,Nscore,Escore,Oscore,Ascore,Cscore,Impulsive,SS,Alcohol,Cannabis,Nicotine,Amphet,Amyl,Benzos,Cocaine,Crack,Ecstasy,Heroin,Ketamine,LSD,Meth,Mushrooms,Semeron,VolatileSubstance
679,-0.95197,1,-0.61113,0.96082,-0.31685,2.28554,-2.11437,-0.31776,-0.01729,-2.04506,-1.37983,-1.54858,0,0,0,0,0,0,0,0,0,0,0,0,0,0,0,2
1199,-0.07854,1,0.45468,0.24923,-0.31685,-0.92104,-0.30033,-0.17779,-1.92595,-0.27607,0.52975,-1.54858,0,0,0,6,0,0,0,0,0,0,0,0,6,0,0,0
1511,-0.07854,1,-0.61113,-0.57009,-0.31685,0.91093,-2.11437,-0.17779,-0.45321,-0.89891,-1.37983,-0.84637,0,0,0,0,0,0,0,0,0,0,0,0,0,3,0,0
